Comment,Description,Designator,Footprint,LibRef,Quantity,Farnell PN,Digikey,LCSC

"1N4148W","Diode - Switching 75V 150mA 1.25V @ 150mA 4ns, SOD-123","D1, D5, D6","SOD-123","1N4148W","3","","","C81598"
"AD","","ADa1","Header 6x1 8.5mm","AD","1","","",""
"100nF","Capacitor non-polar SMT 0603","C1","CCNP1608-0603_N","Cap_CCNP_0603_100nF","1","","","C14663"
"Header, 2-Pin, Right Angle","Header, 2-Pin, Right Angle","P3","HDR1X2H","Header 1x2H","1","","",""
"Header, 3-Pin, Right Angle","Header, 3-Pin, Right Angle","P2","HDR1X3H","Header 1x3H","1","","",""
"IOH","","IOHa1","Header 10x1 8.5mm","IOH","1","","",""
"IOL","","IOLa1","Header 8x1 8.5mm","IOL","1","","",""
"LED Red","LED 0603 Red","D2, D3, D4, D7, D8, D9","LED1608-0603-RED","LED-0603-Red","6","1581239","","C2286"
"MMBT3904LT1G","General Purpose Transistor, NPN Silicon, 3-Pin SOT-23, Pb-Free, Tape and Reel","Q1","SOT23_N","MMBT3904LT1G","1","","","C20526"
"1K","Trim Pot - single turn horizontal","RV1, RV2, RV3","BOURNS 3362P","POT_BOURNS_3362P","3","9354298 or similar","",""
"POWER_UNO","","POWER1","Header 8x1 8.5mm","POWER_UNO","1","","",""
"0R","Resistor SMT 0603","R13, R14","CR1608-0603_N","Res_CR0603","2","","","C21190"
"1K","Resistor SMT 0603","R1, R2, R3, R4, R5, R6, R7, R8, R9","CR1608-0603_N","Res_CR0603","9","","","C21190"
"10K","Resistor SMT 0603","R12","CR1608-0603_N","Res_CR0603","1","","","C23179"
"470 R","Resistor SMT 0603","R10, R11","CR1608-0603_N","Res_CR0603","2","","","C23179"
"SMD-SW-4_5.1x5.1x3.5_M","Tactile Switch SPST 5.10mm X 5.10mm
(1.5mm=C318884)
(2.0mm=C318888)
(3.5mm=C318886)","S_RESET1","SMD-SW-4_5.1x5.1x3.5_M","SW_PB-TS","1","","","C318886"
"Terminal2_2.54mm","TE 282834-2 Terminal Block, 2.54 mm, 2 Ways, 30 AWG, 16 AWG, Screw","P1","TYCO-282834-2","Terminal2_2.54mm","1","2112482","",""
